{
  "project_info": {
    "project_number": "217692549949",
    "project_id": "chatapp-5c921",
    "storage_bucket": "chatapp-5c921.appspot.com"
  },
  "client": [
    {
      "client_info": {
        "mobilesdk_app_id": "1:217692549949:android:42e6a2e78258990da30b54",
        "android_client_info": {
          "package_name": "com.example.chatapp"
        }
      },
      "oauth_client": [
        {
          "client_id": "217692549949-mccgm4p17u7g83nbcjotou1l1ig4kn2i.apps.googleusercontent.com",
          "client_type": 3
        }
      ],
      "api_key": [
        {
          "current_key": "AIzaSyCJmiQ9nYJRtQ6vvbpfpXFzzucPhDY_o6U"
        }
      ],
      "services": {
        "appinvite_service": {
          "other_platform_oauth_client": [
            {
              "client_id": "217692549949-mccgm4p17u7g83nbcjotou1l1ig4kn2i.apps.googleusercontent.com",
              "client_type": 3
            }
          ]
        }
      }
    }
  ],
  "configuration_version": "1"
}